Feature,Importance
N,0.10885890235401531
P,0.14362219871316456
K,0.1812220218518669
temperature,0.07568152832015042
humidity,0.21127860346734295
ph,0.052300819269798994
rainfall,0.22703592602366096
